
INSERT INTO project_232.visitors (v_ssn, v_name, v_surname) VALUES
(123456789, 'John', 'Doe'),
(987654321, 'Jane', 'Smith'),
(555111222, 'Alice', 'Johnson'),
(444333222, 'Bob', 'Williams'),
(888777666, 'Eva', 'Brown'),
(111222333, 'Michael', 'Taylor'),
(999888777, 'Olivia', 'Miller'),
(666555444, 'Daniel', 'Clark'),
(333222111, 'Sophia', 'Anderson'),
(777666555, 'David', 'Martin');

INSERT INTO project_232.v_phone_no (v_phone_no, v_ssn) VALUES
('123-456-7890', 123456789),
('987-654-3210', 987654321),
('555-111-2222', 555111222),
('444-333-2222', 444333222),
('888-777-6666', 888777666),
('111-222-3333', 111222333),
('999-888-7777', 999888777),
('666-555-4444', 666555444),
('333-222-1111', 333222111),
('777-666-5555', 777666555);

INSERT INTO project_232.v_address (v_zip, v_city, v_ssn) VALUES
('12345', 'City1', 123456789),
('54321', 'City2', 987654321),
('98765', 'City3', 555111222),
('45678', 'City4', 444333222),
('87654', 'City5', 888777666),
('23456', 'City6', 111222333),
('56789', 'City7', 999888777),
('34567', 'City8', 666555444),
('65432', 'City9', 333222111),
('87654', 'City10', 777666555);

INSERT INTO prisoners (p_ssn, p_name, p_surname) VALUES
(111223344, 'Robert', 'Johnson'),
(222334455, 'Sarah', 'Williams'),
(333445566, 'James', 'Smith'),
(444556677, 'Emily', 'Brown'),
(555667788, 'Christopher', 'Miller'),
(666778899, 'Victoria', 'Anderson'),
(777889900, 'Daniel', 'Clark'),
(888990011, 'Olivia', 'Taylor'),
(999001122, 'Michael', 'White'),
(101112233, 'Sophia', 'Jones');
-- visits relationship
INSERT INTO visits (visitor_ssn, prisoner_ssn, visit_date) VALUES
(123456789, 111223344, '2024-01-01'),
(987654321, 222334455, '2024-01-02'),
(555111222, 333445566, '2024-01-03'),
(444333222, 444556677, '2024-01-04'),
(888777666, 555667788, '2024-01-05'),
(111222333, 666778899, '2024-01-06'),
(999888777, 777889900, '2024-01-07'),
(666555444, 888990011, '2024-01-08'),
(333222111, 999001122, '2024-01-09'),
(777666555, 101112233, '2024-01-10');


INSERT INTO sentences (sentence_id, sentence_name) VALUES
(1, 'Murder'),
(2, 'Theft'),
(3, 'Assault or Sexual Harrasment'),
(4, 'Drug Offenses'),
(5, 'Robbery'),
(6, 'Fraud'),
(7, 'Smuggling'),
(8, 'Armed Robery'),
(9, 'Aggravated Theft'),
(10, 'Terrorism');
-- be_judged relationship
INSERT INTO be_judged (prisoner_ssn, sentence_id, judgement_date) VALUES
(111223344, 2, '2023-05-15'),
(222334455, 3, '2023-06-20'),
(333445566, 4, '2023-07-25'),
(444556677, 5, '2023-08-30'),
(555667788, 6, '2023-09-05'),
(666778899, 7, '2023-10-10'),
(777889900, 8, '2023-11-15'),
(888990011, 9, '2023-12-20'),
(999001122, 10, '2024-01-25'),
(101112233, 1, '2024-02-29');

INSERT INTO blocks (block_id, block_name) VALUES
(1, 'A Block'),
(2, 'B Block'),
(3, 'C Block'),
(4, 'D Block'),
(5, 'E Block'),
(6, 'F Block'),
(7, 'G Block'),
(8, 'H Block'),
(9, 'I Block'),
(10, 'J Block');
-- stays relationship
INSERT INTO stays (prisoner_ssn, block_id, stay_start_date, stay_end_date) VALUES
(111223344, 1, '2023-01-01', '9999-01-01'),
(222334455, 2, '2023-02-15', '9999-01-01'),
(333445566, 3, '2023-03-10', '9999-01-01'),
(444556677, 4, '2023-04-25', '9999-01-01'),
(555667788, 5, '2023-05-20', '9999-01-01'),
(666778899, 6, '2023-06-15', '9999-01-01'),
(777889900, 7, '2023-07-01', '9999-01-01'),
(888990011, 8, '2023-08-10', '9999-01-01'),
(999001122, 9, '2023-09-05', '9999-01-01'),
(101112233, 10, '2023-10-20', '9999-01-01');

INSERT INTO employees (emp_ssn, emp_name, emp_surname) VALUES
(111223300, 'John', 'Smith'),
(222334401, 'Emily', 'Johnson'),
(333445502, 'Daniel', 'Miller'),
(444556603, 'Sophia', 'Brown'),
(555667704, 'Michael', 'Williams'),
(666778805, 'Olivia', 'Taylor'),
(777889906, 'Eva', 'Clark'),
(888990107, 'David', 'Martin'),
(999001208, 'Christopher', 'Anderson'),
(101112309, 'Victoria', 'White');

INSERT INTO project_232.emp_address (emp_zip, emp_city, emp_ssn) VALUES
('12345', 'City1', 111223300),
('54321', 'City2', 222334401),
('98765', 'City3', 333445502),
('45678', 'City4', 444556603),
('87654', 'City5', 555667704),
('23456', 'City6', 666778805),
('56789', 'City7', 777889906),
('34567', 'City8', 888990107),
('65432', 'City9', 999001208),
('87654', 'City10', 101112309);

INSERT INTO project_232.emp_phone_no (emp_phone_no, emp_ssn) VALUES
('123-456-7890', 111223300),
('987-654-3210', 222334401),
('555-111-2222', 333445502),
('444-333-2222', 444556603),
('888-777-6666', 555667704),
('111-222-3333', 666778805),
('999-888-7777', 777889906),
('666-555-4444', 888990107),
('333-222-1111', 999001208),
('777-666-5555', 101112309);
-- guards relationship
INSERT INTO project_232.guards (emp_ssn, block_id, guard_start_date, guard_end_date) VALUES
(111223300, 1, '2023-01-01', '9999-01-01'),
(222334401, 2, '2023-02-15', '9999-01-01'),
(333445502, 3, '2023-03-10', '9999-01-01'),
(444556603, 4, '2023-04-25', '9999-01-01'),
(555667704, 5, '2023-05-20', '9999-01-01'),
(666778805, 6, '2023-06-15', '9999-01-01'),
(777889906, 7, '2023-07-01', '9999-01-01'),
(888990107, 8, '2023-08-10', '9999-01-01'),
(999001208, 9, '2023-09-05', '9999-01-01'),
(101112309, 10, '2023-10-20', '9999-01-01');





